id,kilometres,make,model,Year,Price,image
1,15735,Audi,A1,2017,12500,https://www.freepnglogos.com/uploads/motor-png/audi-reviews-and-rating-motor-trend-car-images-28.png
2,36203,Audi,A6,2016,16500,https://www.freepnglogos.com/uploads/motor-png/audi-reviews-and-rating-motor-trend-car-images-28.png
3,29946,Audi,A1,2016,11000,https://www.freepnglogos.com/uploads/motor-png/audi-reviews-and-rating-motor-trend-car-images-28.png
4,25952,Audi,A4,2017,16800,https://www.freepnglogos.com/uploads/motor-png/audi-reviews-and-rating-motor-trend-car-images-28.png
5,1998,Audi,A3,2019,17300,https://www.freepnglogos.com/uploads/motor-png/audi-reviews-and-rating-motor-trend-car-images-28.png
6,32260,Audi,A1,2016,13900,https://www.freepnglogos.com/uploads/motor-png/audi-reviews-and-rating-motor-trend-car-images-28.png
7,76788,Audi,A6,2016,13250,https://www.freepnglogos.com/uploads/car-png/car-png-large-images-40.png
8,75185,Audi,A4,2016,11750,https://www.freepnglogos.com/uploads/car-png/car-png-large-images-40.png
9,46112,Audi,A3,2015,10200,https://www.freepnglogos.com/uploads/car-png/car-png-large-images-40.png
10,22451,Audi,A1,2016,12000,https://www.freepnglogos.com/uploads/car-png/car-png-large-images-40.png
11,28955,Audi,A3,2017,12500,https://www.freepnglogos.com/uploads/car-png/car-png-large-images-40.png
12,52198,Audi,A6,2016,16500,https://www.freepnglogos.com/uploads/car-png/car-png-large-images-40.png
13,44915,Audi,Q3,2016,11000,https://www.freepnglogos.com/uploads/car-png/car-png-large-images-40.png
14,21695,Audi,A3,2017,16800,https://www.freepnglogos.com/uploads/car-png/car-png-large-images-40.png
15,47348,Audi,A6,2015,17300,https://www.freepnglogos.com/uploads/car-png/car-png-large-images-40.png
16,26156,Audi,A3,2017,13900,https://www.freepnglogos.com/uploads/car-png/car-png-large-images-40.png
17,28396,Audi,Q3,2016,13250,https://www.freepnglogos.com/uploads/car-png/car-png-large-images-40.png
18,30516,Audi,A3,2014,11750,https://www.freepnglogos.com/uploads/car-png/car-png-large-images-40.png
19,37652,Audi,Q5,2016,10200,https://www.freepnglogos.com/uploads/car-png/car-png-large-images-40.png
20,34110,Audi,Q3,2014,12000,https://www.freepnglogos.com/uploads/car-png/car-png-large-images-40.png
21,37100,Audi,A5,2017,16100,https://www.freepnglogos.com/uploads/motor-png/audi-reviews-and-rating-motor-trend-car-images-28.png
22,23714,Audi,Q5,2016,16500,https://www.freepnglogos.com/uploads/motor-png/audi-reviews-and-rating-motor-trend-car-images-28.png
23,21649,Audi,A5,2017,17000,https://www.freepnglogos.com/uploads/motor-png/audi-reviews-and-rating-motor-trend-car-images-28.png
24,62748,Audi,A6,2015,16400,https://www.freepnglogos.com/uploads/motor-png/audi-reviews-and-rating-motor-trend-car-images-28.png
25,23789,Audi,Q5,2016,15400,https://www.freepnglogos.com/uploads/motor-png/audi-reviews-and-rating-motor-trend-car-images-28.png
26,17418,Audi,A4,2017,14500,https://www.freepnglogos.com/uploads/motor-png/audi-reviews-and-rating-motor-trend-car-images-28.png
27,33300,Audi,A5,2017,15700,https://www.freepnglogos.com/uploads/motor-png/audi-reviews-and-rating-motor-trend-car-images-28.png
28,10793,Audi,A1,2018,13900,https://www.freepnglogos.com/uploads/motor-png/audi-reviews-and-rating-motor-trend-car-images-28.png
29,25138,Audi,A4,2018,19000,https://www.freepnglogos.com/uploads/motor-png/audi-reviews-and-rating-motor-trend-car-images-28.png
30,61176,Audi,A6,2015,17000,https://www.freepnglogos.com/uploads/motor-png/audi-reviews-and-rating-motor-trend-car-images-28.png
31,54754,Audi,A1,2015,17300,https://www.freepnglogos.com/uploads/motor-png/audi-reviews-and-rating-motor-trend-car-images-28.png
32,21369,Audi,Q3,2017,20200,https://www.freepnglogos.com/uploads/motor-png/audi-reviews-and-rating-motor-trend-car-images-28.png
33,39190,Audi,Q3,2014,22500,https://www.freepnglogos.com/uploads/car-png/car-png-large-images-40.png
34,47482,Audi,Q3,2017,17500,https://www.freepnglogos.com/uploads/car-png/car-png-large-images-40.png
35,40501,Audi,Q3,2016,20000,https://www.freepnglogos.com/uploads/car-png/car-png-large-images-40.png
36,43195,Audi,Q3,2014,18500,https://www.freepnglogos.com/uploads/car-png/car-png-large-images-40.png
37,31447,Audi,A1,2017,19500,https://www.freepnglogos.com/uploads/car-png/car-png-large-images-40.png
38,34030,Audi,A6,2016,15800,https://www.freepnglogos.com/uploads/car-png/car-png-large-images-40.png
39,29063,Audi,A4,2017,17200,https://www.freepnglogos.com/uploads/car-png/car-png-large-images-40.png
40,29545,Audi,A3,2017,14000,https://www.freepnglogos.com/uploads/car-png/car-png-large-images-40.png
41,75619,Audi,A3,2015,9500,https://www.freepnglogos.com/uploads/car-png/car-png-large-images-40.png
42,39603,Audi,Q3,2016,16500,https://www.freepnglogos.com/uploads/car-png/car-png-large-images-40.png
43,42908,Audi,Q3,2017,15000,https://www.freepnglogos.com/uploads/car-png/car-png-large-images-40.png
44,83872,Audi,A5,2014,16000,https://www.freepnglogos.com/uploads/motor-png/audi-reviews-and-rating-motor-trend-car-images-28.png
45,58750,Audi,Q3,2016,16900,https://www.freepnglogos.com/uploads/motor-png/audi-reviews-and-rating-motor-trend-car-images-28.png
46,2029,Audi,A3,2019,12300,https://www.freepnglogos.com/uploads/motor-png/audi-reviews-and-rating-motor-trend-car-images-28.png
47,22958,Audi,A6,2018,10800,https://www.freepnglogos.com/uploads/motor-png/audi-reviews-and-rating-motor-trend-car-images-28.png
48,32097,Audi,A4,2017,19400,https://www.freepnglogos.com/uploads/motor-png/audi-reviews-and-rating-motor-trend-car-images-28.png
49,13057,Audi,A5,2017,16000,https://www.freepnglogos.com/uploads/motor-png/audi-reviews-and-rating-motor-trend-car-images-28.png
50,20278,Audi,S4,2017,17100,https://www.freepnglogos.com/uploads/motor-png/audi-reviews-and-rating-motor-trend-car-images-28.png
51,52561,Audi,A4,2016,11300,https://www.freepnglogos.com/uploads/motor-png/audi-reviews-and-rating-motor-trend-car-images-28.png
52,31604,Audi,A6,2015,17200,https://www.freepnglogos.com/uploads/car-png/car-png-large-images-40.png
53,32011,Audi,Q3,2016,20300,https://www.freepnglogos.com/uploads/car-png/car-png-large-images-40.png
54,39134,Audi,Q3,2016,13200,https://www.freepnglogos.com/uploads/car-png/car-png-large-images-40.png
55,89483,Audi,Q5,2015,15200,https://www.freepnglogos.com/uploads/car-png/car-png-large-images-40.png
56,56291,Audi,A3,2015,15700,https://www.freepnglogos.com/uploads/car-png/car-png-large-images-40.png
57,47767,Audi,A6,2016,16600,https://www.freepnglogos.com/uploads/car-png/car-png-large-images-40.png
58,34315,Audi,A1,2014,14400,https://www.freepnglogos.com/uploads/car-png/car-png-large-images-40.png
59,66369,Audi,A3,2016,20200,https://www.freepnglogos.com/uploads/car-png/car-png-large-images-40.png
60,34110,Audi,A6,2016,23700,https://www.freepnglogos.com/uploads/car-png/car-png-large-images-40.png
61,76269,Audi,A1,2013,12750,https://www.freepnglogos.com/uploads/car-png/car-png-large-images-40.png
62,37840,Audi,A3,2016,13000,https://www.freepnglogos.com/uploads/car-png/car-png-large-images-40.png
63,26249,Audi,A3,2017,15900,https://www.freepnglogos.com/uploads/car-png/car-png-large-images-40.png
64,44898,Audi,Q3,2017,15000,https://www.freepnglogos.com/uploads/car-png/car-png-large-images-40.png
65,67161,Audi,Q3,2017,14700,https://www.freepnglogos.com/uploads/car-png/car-png-large-images-40.png
66,17992,Audi,A3,2018,15000,https://www.freepnglogos.com/uploads/car-png/car-png-large-images-40.png
67,97440,Audi,A4,2016,16000,https://www.freepnglogos.com/uploads/car-png/car-png-large-images-40.png
68,19268,Audi,A1,2017,11000,https://www.freepnglogos.com/uploads/car-png/car-png-large-images-40.png
69,51441,Audi,A3,2013,10200,https://www.freepnglogos.com/uploads/car-png/car-png-large-images-40.png
70,18181,Audi,A1,2016,18500,https://www.freepnglogos.com/uploads/car-png/car-png-large-images-40.png
71,19494,Audi,A3,2016,7000,https://www.freepnglogos.com/uploads/car-png/car-png-large-images-40.png
72,32808,Audi,A6,2016,10600,https://www.freepnglogos.com/uploads/car-png/car-png-large-images-40.png
73,25965,Audi,A3,2017,16000,https://www.freepnglogos.com/uploads/car-png/car-png-large-images-40.png
74,88215,Audi,A3,2016,15000,https://www.freepnglogos.com/uploads/car-png/car-png-large-images-40.png
75,5704,Audi,A3,2019,14000,https://www.freepnglogos.com/uploads/car-png/car-png-large-images-40.png
76,10959,Audi,A4,2017,18950,https://www.freepnglogos.com/uploads/car-png/car-png-large-images-40.png
77,30201,Audi,Q5,2016,10200,https://www.freepnglogos.com/uploads/car-png/car-png-large-images-40.png
78,19319,Audi,Q3,2017,11700,https://www.freepnglogos.com/uploads/car-png/car-png-large-images-40.png
79,22582,Audi,A6,2017,11500,https://www.freepnglogos.com/uploads/car-png/car-png-large-images-40.png
80,67068,BMW,5 Series,2014,11200,https://www.freepnglogos.com/uploads/motor-png/bmw-series-reviews-new-used-models-motor-audi-25.png
81,14827,BMW,6 Series,2018,27000,https://www.freepnglogos.com/uploads/motor-png/bmw-series-reviews-new-used-models-motor-audi-25.png
82,62794,BMW,5 Series,2016,16000,https://www.freepnglogos.com/uploads/motor-png/bmw-series-reviews-new-used-models-motor-audi-25.png
83,26676,BMW,1 Series,2017,12750,https://www.freepnglogos.com/uploads/motor-png/bmw-series-reviews-new-used-models-motor-audi-25.png
84,39554,BMW,7 Series,2014,14500,https://www.freepnglogos.com/uploads/motor-png/bmw-series-reviews-new-used-models-motor-audi-25.png
85,35309,BMW,5 Series,2016,14900,https://www.freepnglogos.com/uploads/motor-png/bmw-series-reviews-new-used-models-motor-audi-25.png
86,38538,BMW,5 Series,2017,16000,https://www.freepnglogos.com/uploads/motor-png/bmw-series-reviews-new-used-models-motor-audi-25.png
87,10401,BMW,2 Series,2018,16250,https://www.freepnglogos.com/uploads/motor-png/bmw-series-reviews-new-used-models-motor-audi-25.png
88,42668,BMW,4 Series,2017,14250,https://www.freepnglogos.com/uploads/motor-png/bmw-series-reviews-new-used-models-motor-audi-25.png
89,36099,BMW,5 Series,2016,14250,https://www.freepnglogos.com/uploads/motor-png/bmw-series-reviews-new-used-models-motor-audi-25.png
90,74907,BMW,X3,2017,15500,https://www.freepnglogos.com/uploads/motor-png/bmw-series-reviews-new-used-models-motor-audi-25.png
91,29840,BMW,1 Series,2017,11800,https://www.freepnglogos.com/uploads/motor-png/bmw-series-reviews-new-used-models-motor-audi-25.png
92,77823,BMW,X3,2016,15500,https://www.freepnglogos.com/uploads/motor-png/bmw-series-reviews-new-used-models-motor-audi-25.png
93,31469,BMW,2 Series,2015,10500,https://www.freepnglogos.com/uploads/motor-png/bmw-series-reviews-new-used-models-motor-audi-25.png
94,19057,BMW,X3,2017,22000,https://www.freepnglogos.com/uploads/motor-png/bmw-series-reviews-new-used-models-motor-audi-25.png
95,16570,BMW,3 Series,2017,16500,https://www.freepnglogos.com/uploads/motor-png/bmw-series-reviews-new-used-models-motor-audi-25.png
96,55594,BMW,3 Series,2017,14250,https://www.freepnglogos.com/uploads/motor-png/bmw-series-reviews-new-used-models-motor-audi-25.png
97,45456,BMW,3 Series,2017,16000,https://www.freepnglogos.com/uploads/motor-png/bmw-series-reviews-new-used-models-motor-audi-25.png
98,22812,BMW,1 Series,2017,15500,https://www.freepnglogos.com/uploads/motor-png/bmw-series-reviews-new-used-models-motor-audi-25.png
99,47348,BMW,4 Series,2014,14000,https://www.freepnglogos.com/uploads/motor-png/bmw-series-reviews-new-used-models-motor-audi-25.png
100,75124,BMW,1 Series,2015,9700,https://www.freepnglogos.com/uploads/motor-png/bmw-series-reviews-new-used-models-motor-audi-25.png
101,78957,BMW,3 Series,2015,12600,https://www.freepnglogos.com/uploads/motor-png/bmw-series-reviews-new-used-models-motor-audi-25.png
102,29213,BMW,3 Series,2016,15100,https://www.freepnglogos.com/uploads/motor-png/bmw-series-reviews-new-used-models-motor-audi-25.png
103,44498,BMW,1 Series,2016,9400,https://www.freepnglogos.com/uploads/motor-png/bmw-series-reviews-new-used-models-motor-audi-25.png
104,22461,BMW,1 Series,2016,14300,https://www.freepnglogos.com/uploads/motor-png/bmw-series-reviews-new-used-models-motor-audi-25.png
105,23005,BMW,1 Series,2016,11200,https://www.freepnglogos.com/uploads/motor-png/bmw-series-reviews-new-used-models-motor-audi-25.png
106,22310,BMW,3 Series,2019,17800,https://www.freepnglogos.com/uploads/motor-png/bmw-series-reviews-new-used-models-motor-audi-25.png
107,51994,BMW,3 Series,2016,14400,https://www.freepnglogos.com/uploads/motor-png/bmw-series-reviews-new-used-models-motor-audi-25.png
108,96213,BMW,X5,2016,19750,https://www.freepnglogos.com/uploads/motor-png/bmw-series-reviews-new-used-models-motor-audi-25.png
109,50316,BMW,X3,2015,17400,https://www.freepnglogos.com/uploads/motor-png/bmw-series-reviews-new-used-models-motor-audi-25.png
110,44011,BMW,4 Series,2017,16800,https://www.freepnglogos.com/uploads/motor-png/bmw-series-reviews-new-used-models-motor-audi-25.png
111,34960,BMW,X4,2017,23000,https://www.freepnglogos.com/uploads/motor-png/bmw-series-reviews-new-used-models-motor-audi-25.png
112,25269,BMW,i3,2016,17100,https://www.freepnglogos.com/uploads/motor-png/bmw-series-reviews-new-used-models-motor-audi-25.png
113,24029,BMW,1 Series,2017,20500,https://www.freepnglogos.com/uploads/motor-png/bmw-series-reviews-new-used-models-motor-audi-25.png
114,22920,BMW,1 Series,2017,11900,https://www.freepnglogos.com/uploads/motor-png/bmw-series-reviews-new-used-models-motor-audi-25.png
115,61818,BMW,2 Series,2017,13000,https://www.freepnglogos.com/uploads/motor-png/bmw-series-reviews-new-used-models-motor-audi-25.png
116,59634,BMW,3 Series,2015,11500,https://www.freepnglogos.com/uploads/motor-png/bmw-series-reviews-new-used-models-motor-audi-25.png
117,29226,BMW,1 Series,2016,13500,https://www.freepnglogos.com/uploads/motor-png/bmw-series-reviews-new-used-models-motor-audi-25.png
118,33514,BMW,X1,2017,18900,https://www.freepnglogos.com/uploads/motor-png/bmw-series-reviews-new-used-models-motor-audi-25.png
119,6522,BMW,1 Series,2018,14600,https://www.freepnglogos.com/uploads/motor-png/bmw-series-reviews-new-used-models-motor-audi-25.png
120,11231,BMW,3 Series,2016,15800,https://www.freepnglogos.com/uploads/motor-png/bmw-series-reviews-new-used-models-motor-audi-25.png
121,21591,BMW,1 Series,2016,11400,https://www.freepnglogos.com/uploads/motor-png/bmw-series-reviews-new-used-models-motor-audi-25.png
122,79972,BMW,X3,2013,12000,https://www.freepnglogos.com/uploads/motor-png/bmw-series-reviews-new-used-models-motor-audi-25.png
123,14037,BMW,1 Series,2018,17500,https://www.freepnglogos.com/uploads/motor-png/bmw-series-reviews-new-used-models-motor-audi-25.png
124,25034,BMW,5 Series,2017,23500,https://www.freepnglogos.com/uploads/motor-png/bmw-series-reviews-new-used-models-motor-audi-25.png
125,44478,BMW,X1,2016,16700,https://www.freepnglogos.com/uploads/motor-png/bmw-series-reviews-new-used-models-motor-audi-25.png
126,74852,BMW,X3,2017,18000,https://www.freepnglogos.com/uploads/motor-png/bmw-series-reviews-new-used-models-motor-audi-25.png
127,45856,BMW,4 Series,2016,15500,https://www.freepnglogos.com/uploads/motor-png/bmw-series-reviews-new-used-models-motor-audi-25.png
128,48858,BMW,1 Series,2016,9200,https://www.freepnglogos.com/uploads/motor-png/bmw-series-reviews-new-used-models-motor-audi-25.png
129,40399,BMW,1 Series,2017,11200,https://www.freepnglogos.com/uploads/motor-png/bmw-series-reviews-new-used-models-motor-audi-25.png
130,17393,BMW,1 Series,2016,13200,https://www.freepnglogos.com/uploads/motor-png/bmw-series-reviews-new-used-models-motor-audi-25.png
131,84816,BMW,5 Series,2014,11000,https://www.freepnglogos.com/uploads/motor-png/bmw-series-reviews-new-used-models-motor-audi-25.png
132,27139,BMW,3 Series,2017,18500,https://www.freepnglogos.com/uploads/motor-png/bmw-series-reviews-new-used-models-motor-audi-25.png
133,91563,BMW,1 Series,2017,12750,https://www.freepnglogos.com/uploads/motor-png/bmw-series-reviews-new-used-models-motor-audi-25.png
134,32139,BMW,3 Series,2014,14000,https://www.freepnglogos.com/uploads/motor-png/bmw-series-reviews-new-used-models-motor-audi-25.png
135,54120,BMW,X1,2017,14000,https://www.freepnglogos.com/uploads/motor-png/bmw-series-reviews-new-used-models-motor-audi-25.png
136,20925,BMW,X1,2017,14000,https://www.freepnglogos.com/uploads/motor-png/bmw-series-reviews-new-used-models-motor-audi-25.png
137,30521,BMW,3 Series,2016,12750,https://www.freepnglogos.com/uploads/motor-png/bmw-series-reviews-new-used-models-motor-audi-25.png
138,16066,BMW,X1,2018,18000,https://www.freepnglogos.com/uploads/motor-png/bmw-series-reviews-new-used-models-motor-audi-25.png
139,11524,BMW,1 Series,2015,11100,https://www.freepnglogos.com/uploads/motor-png/bmw-series-reviews-new-used-models-motor-audi-25.png
140,21809,BMW,1 Series,2017,12700,https://www.freepnglogos.com/uploads/motor-png/bmw-series-reviews-new-used-models-motor-audi-25.png
141,27245,BMW,1 Series,2017,14500,https://www.freepnglogos.com/uploads/motor-png/bmw-series-reviews-new-used-models-motor-audi-25.png
142,35736,BMW,3 Series,2013,12750,https://www.freepnglogos.com/uploads/motor-png/bmw-series-reviews-new-used-models-motor-audi-25.png
143,55782,BMW,X1,2017,14100,https://www.freepnglogos.com/uploads/motor-png/bmw-series-reviews-new-used-models-motor-audi-25.png
144,26404,BMW,1 Series,2016,10800,https://www.freepnglogos.com/uploads/motor-png/bmw-series-reviews-new-used-models-motor-audi-25.png
145,26631,BMW,1 Series,2016,13000,https://www.freepnglogos.com/uploads/motor-png/bmw-series-reviews-new-used-models-motor-audi-25.png
146,24111,BMW,1 Series,2016,12500,https://www.freepnglogos.com/uploads/motor-png/bmw-series-reviews-new-used-models-motor-audi-25.png
147,22763,BMW,3 Series,2017,13600,https://www.freepnglogos.com/uploads/motor-png/bmw-series-reviews-new-used-models-motor-audi-25.png
148,17385,BMW,3 Series,2016,12700,https://www.freepnglogos.com/uploads/motor-png/bmw-series-reviews-new-used-models-motor-audi-25.png
149,35474,BMW,5 Series,2016,15600,https://www.freepnglogos.com/uploads/motor-png/bmw-series-reviews-new-used-models-motor-audi-25.png
150,16584,BMW,4 Series,2016,15250,https://www.freepnglogos.com/uploads/motor-png/bmw-series-reviews-new-used-models-motor-audi-25.png
151,30273,BMW,1 Series,2018,11700,https://www.freepnglogos.com/uploads/motor-png/bmw-series-reviews-new-used-models-motor-audi-25.png
152,62021,BMW,2 Series,2017,10900,https://www.freepnglogos.com/uploads/motor-png/bmw-series-reviews-new-used-models-motor-audi-25.png
153,51552,BMW,5 Series,2016,14400,https://www.freepnglogos.com/uploads/motor-png/bmw-series-reviews-new-used-models-motor-audi-25.png
154,29508,BMW,1 Series,2016,11100,https://www.freepnglogos.com/uploads/motor-png/bmw-series-reviews-new-used-models-motor-audi-25.png
155,30865,BMW,1 Series,2017,11100,https://www.freepnglogos.com/uploads/motor-png/bmw-series-reviews-new-used-models-motor-audi-25.png
156,46356,BMW,5 Series,2014,12400,https://www.freepnglogos.com/uploads/motor-png/bmw-series-reviews-new-used-models-motor-audi-25.png
157,18343,BMW,1 Series,2016,12800,https://www.freepnglogos.com/uploads/motor-png/bmw-series-reviews-new-used-models-motor-audi-25.png
158,13858,BMW,5 Series,2014,15000,https://www.freepnglogos.com/uploads/motor-png/bmw-series-reviews-new-used-models-motor-audi-25.png
159,15944,Ford,Fiesta,2017,12000,https://www.freepnglogos.com/uploads/car-png/ford-mustang-red-car-back-side-png-image-pngpix-18.png
160,9083,Ford,Focus,2018,14000,https://www.freepnglogos.com/uploads/car-png/ford-mustang-red-car-back-side-png-image-pngpix-18.png
161,12456,Ford,Focus,2017,13000,https://www.freepnglogos.com/uploads/car-png/ford-mustang-red-car-back-side-png-image-pngpix-18.png
162,10460,Ford,Fiesta,2019,17500,https://www.freepnglogos.com/uploads/car-png/ford-mustang-red-car-back-side-png-image-pngpix-18.png
163,1482,Ford,Fiesta,2019,16500,https://www.freepnglogos.com/uploads/car-png/ford-mustang-red-car-back-side-png-image-pngpix-18.png
164,35432,Ford,Fiesta,2015,10500,https://www.freepnglogos.com/uploads/car-png/ford-mustang-red-car-back-side-png-image-pngpix-18.png
165,2029,Ford,Puma,2019,22500,https://www.freepnglogos.com/uploads/car-png/ford-mustang-red-car-back-side-png-image-pngpix-18.png
166,13054,Ford,Fiesta,2017,9000,https://www.freepnglogos.com/uploads/car-png/ford-mustang-red-car-back-side-png-image-pngpix-18.png
167,6894,Ford,Kuga,2019,25500,https://www.freepnglogos.com/uploads/car-png/ford-mustang-red-car-back-side-png-image-pngpix-18.png
168,48141,Ford,Focus,2018,10000,https://www.freepnglogos.com/uploads/car-png/ford-mustang-red-car-back-side-png-image-pngpix-18.png
169,18803,Ford,Fiesta,2018,11561,https://www.freepnglogos.com/uploads/car-png/ford-mustang-red-car-back-side-png-image-pngpix-18.png
170,12065,Ford,EcoSport,2018,13500,https://www.freepnglogos.com/uploads/car-png/ford-mustang-red-car-back-side-png-image-pngpix-18.png
171,20978,Ford,Fiesta,2017,11000,https://www.freepnglogos.com/uploads/car-png/ford-mustang-red-car-back-side-png-image-pngpix-18.png
172,9002,Ford,Kuga,2018,17999,https://www.freepnglogos.com/uploads/car-png/ford-mustang-red-car-back-side-png-image-pngpix-18.png
173,8970,Ford,Kuga,2018,18999,https://www.freepnglogos.com/uploads/car-png/ford-mustang-red-car-back-side-png-image-pngpix-18.png
174,12810,Ford,Kuga,2018,14399,https://www.freepnglogos.com/uploads/car-png/ford-mustang-red-car-back-side-png-image-pngpix-18.png
175,10428,Ford,Kuga,2019,17999,https://www.freepnglogos.com/uploads/car-png/ford-mustang-red-car-back-side-png-image-pngpix-18.png
176,14680,Ford,Kuga,2018,16899,https://www.freepnglogos.com/uploads/car-png/ford-mustang-red-car-back-side-png-image-pngpix-18.png
177,12427,Ford,Fiesta,2017,10999,https://www.freepnglogos.com/uploads/car-png/ford-mustang-red-car-back-side-png-image-pngpix-18.png
178,25521,Ford,Fiesta,2019,12500,https://www.freepnglogos.com/uploads/car-png/ford-mustang-red-car-back-side-png-image-pngpix-18.png
179,20400,Ford,Fiesta,2018,9499,https://www.freepnglogos.com/uploads/car-png/ford-mustang-red-car-back-side-png-image-pngpix-18.png
180,24926,Ford,Fiesta,2017,10500,https://www.freepnglogos.com/uploads/car-png/ford-mustang-red-car-back-side-png-image-pngpix-18.png
181,26163,Ford,Fiesta,2017,8995,https://www.freepnglogos.com/uploads/car-png/ford-mustang-red-car-back-side-png-image-pngpix-18.png
182,59000,Ford,Kuga,2014,8995,https://www.freepnglogos.com/uploads/car-png/ford-mustang-red-car-back-side-png-image-pngpix-18.png
183,35299,Ford,Fiesta,2014,6795,https://www.freepnglogos.com/uploads/car-png/ford-mustang-red-car-back-side-png-image-pngpix-18.png
184,13063,Ford,Focus,2017,18499,https://www.freepnglogos.com/uploads/car-png/ford-mustang-red-car-back-side-png-image-pngpix-18.png
185,23800,Ford,C-MAX,2018,11799,https://www.freepnglogos.com/uploads/car-png/ford-mustang-red-car-back-side-png-image-pngpix-18.png
186,25935,Ford,Fiesta,2015,8299,https://www.freepnglogos.com/uploads/car-png/ford-mustang-red-car-back-side-png-image-pngpix-18.png
187,8700,Ford,Fiesta,2018,12499,https://www.freepnglogos.com/uploads/car-png/ford-mustang-red-car-back-side-png-image-pngpix-18.png
188,25000,Ford,Fiesta,2017,8699,https://www.freepnglogos.com/uploads/car-png/ford-mustang-red-car-back-side-png-image-pngpix-18.png
189,60730,Ford,Fiesta,2016,7999,https://www.freepnglogos.com/uploads/car-png/ford-mustang-red-car-back-side-png-image-pngpix-18.png
190,18561,Ford,Fiesta,2017,8991,https://www.freepnglogos.com/uploads/car-png/ford-mustang-red-car-back-side-png-image-pngpix-18.png
191,8400,Ford,Focus,2019,18990,https://www.freepnglogos.com/uploads/car-png/ford-mustang-red-car-back-side-png-image-pngpix-18.png
192,39090,Ford,Fiesta,2013,7236,https://www.freepnglogos.com/uploads/car-png/ford-mustang-red-car-back-side-png-image-pngpix-18.png
193,33149,Ford,Kuga,2018,15287,https://www.freepnglogos.com/uploads/car-png/ford-mustang-red-car-back-side-png-image-pngpix-18.png
194,24,Ford,Mondeo,2019,20000,https://www.freepnglogos.com/uploads/car-png/ford-mustang-red-car-back-side-png-image-pngpix-18.png
195,558,Ford,EcoSport,2020,20000,https://www.freepnglogos.com/uploads/car-png/ford-mustang-red-car-back-side-png-image-pngpix-18.png
196,3259,Ford,Kuga,2019,21378,https://www.freepnglogos.com/uploads/car-png/ford-mustang-red-car-back-side-png-image-pngpix-18.png
197,15100,Ford,Fiesta,2018,9814,https://www.freepnglogos.com/uploads/car-png/ford-mustang-red-car-back-side-png-image-pngpix-18.png
198,25000,Ford,Ka+,2018,8261,https://www.freepnglogos.com/uploads/car-png/ford-mustang-red-car-back-side-png-image-pngpix-18.png
199,15612,Ford,Fiesta,2017,8788,https://www.freepnglogos.com/uploads/car-png/ford-mustang-red-car-back-side-png-image-pngpix-18.png
200,8920,Ford,Fiesta,2018,12251,https://www.freepnglogos.com/uploads/car-png/ford-mustang-red-car-back-side-png-image-pngpix-18.png
201,24803,Ford,Kuga,2017,16320,https://www.freepnglogos.com/uploads/car-png/ford-mustang-red-car-back-side-png-image-pngpix-18.png
202,7,Ford,Fiesta,2019,13140,https://www.freepnglogos.com/uploads/car-png/ford-mustang-red-car-back-side-png-image-pngpix-18.png
203,43019,Ford,Fiesta,2018,10491,https://www.freepnglogos.com/uploads/car-png/ford-mustang-red-car-back-side-png-image-pngpix-18.png
204,41607,Ford,Kuga,2016,13870,https://www.freepnglogos.com/uploads/car-png/ford-mustang-red-car-back-side-png-image-pngpix-18.png
205,23554,Ford,Focus,2017,14960,https://www.freepnglogos.com/uploads/car-png/ford-mustang-red-car-back-side-png-image-pngpix-18.png
206,6923,Ford,Fiesta,2019,13540,https://www.freepnglogos.com/uploads/car-png/ford-mustang-red-car-back-side-png-image-pngpix-18.png
207,10985,Ford,Focus,2019,17970,https://www.freepnglogos.com/uploads/car-png/ford-mustang-red-car-back-side-png-image-pngpix-18.png
208,29617,Ford,C-MAX,2017,9330,https://www.freepnglogos.com/uploads/car-png/ford-mustang-red-car-back-side-png-image-pngpix-18.png
209,47613,Ford,Fiesta,2016,6000,https://www.freepnglogos.com/uploads/car-png/ford-mustang-red-car-back-side-png-image-pngpix-18.png
210,5122,Ford,Ka+,2019,8995,https://www.freepnglogos.com/uploads/car-png/ford-mustang-red-car-back-side-png-image-pngpix-18.png
211,32,Ford,Ka+,2019,8495,https://www.freepnglogos.com/uploads/car-png/ford-mustang-red-car-back-side-png-image-pngpix-18.png
212,31562,Ford,Fiesta,2016,6395,https://www.freepnglogos.com/uploads/car-png/ford-mustang-red-car-back-side-png-image-pngpix-18.png
213,8131,Ford,Focus,2019,14495,https://www.freepnglogos.com/uploads/car-png/ford-mustang-red-car-back-side-png-image-pngpix-18.png
214,24568,Ford,Tourneo Custom,2018,19995,https://www.freepnglogos.com/uploads/car-png/ford-mustang-red-car-back-side-png-image-pngpix-18.png
215,39605,Ford,S-MAX,2017,18495,https://www.freepnglogos.com/uploads/car-png/ford-mustang-red-car-back-side-png-image-pngpix-18.png
216,11496,Ford,Focus,2019,17995,https://www.freepnglogos.com/uploads/car-png/ford-mustang-red-car-back-side-png-image-pngpix-18.png
217,51271,Ford,Fiesta,2013,5495,https://www.freepnglogos.com/uploads/car-png/ford-mustang-red-car-back-side-png-image-pngpix-18.png
218,7189,Ford,Kuga,2018,16995,https://www.freepnglogos.com/uploads/car-png/ford-mustang-red-car-back-side-png-image-pngpix-18.png
219,29428,Ford,Kuga,2018,16495,https://www.freepnglogos.com/uploads/car-png/ford-mustang-red-car-back-side-png-image-pngpix-18.png
220,12162,Ford,Kuga,2018,17998,https://www.freepnglogos.com/uploads/car-png/ford-mustang-red-car-back-side-png-image-pngpix-18.png
221,33023,Ford,B-MAX,2014,7498,https://www.freepnglogos.com/uploads/car-png/ford-mustang-red-car-back-side-png-image-pngpix-18.png
222,2714,Ford,Focus,2019,17498,https://www.freepnglogos.com/uploads/car-png/ford-mustang-red-car-back-side-png-image-pngpix-18.png
223,17051,Ford,S-MAX,2017,17498,https://www.freepnglogos.com/uploads/car-png/ford-mustang-red-car-back-side-png-image-pngpix-18.png
224,44304,Ford,Fiesta,2013,5998,https://www.freepnglogos.com/uploads/car-png/ford-mustang-red-car-back-side-png-image-pngpix-18.png
225,4844,Ford,Kuga,2019,17698,https://www.freepnglogos.com/uploads/car-png/ford-mustang-red-car-back-side-png-image-pngpix-18.png
226,31810,Ford,Kuga,2016,11000,https://www.freepnglogos.com/uploads/car-png/ford-mustang-red-car-back-side-png-image-pngpix-18.png
227,43081,Ford,EcoSport,2017,8700,https://www.freepnglogos.com/uploads/car-png/ford-mustang-red-car-back-side-png-image-pngpix-18.png
228,47159,Ford,Kuga,2017,15300,https://www.freepnglogos.com/uploads/car-png/ford-mustang-red-car-back-side-png-image-pngpix-18.png
229,25000,Ford,Fiesta,2013,7490,https://www.freepnglogos.com/uploads/car-png/ford-mustang-red-car-back-side-png-image-pngpix-18.png
230,29891,Ford,Focus,2017,10760,https://www.freepnglogos.com/uploads/car-png/ford-mustang-red-car-back-side-png-image-pngpix-18.png
231,10237,Ford,Kuga,2019,18760,https://www.freepnglogos.com/uploads/car-png/ford-mustang-red-car-back-side-png-image-pngpix-18.png
232,48653,Ford,Fiesta,2014,6360,https://www.freepnglogos.com/uploads/car-png/ford-mustang-red-car-back-side-png-image-pngpix-18.png
233,60888,Ford,Fiesta,2014,6270,https://www.freepnglogos.com/uploads/car-png/ford-mustang-red-car-back-side-png-image-pngpix-18.png
234,15815,Ford,Kuga,2017,17920,https://www.freepnglogos.com/uploads/car-png/ford-mustang-red-car-back-side-png-image-pngpix-18.png
235,74128,Ford,Fiesta,2013,4790,https://www.freepnglogos.com/uploads/car-png/ford-mustang-red-car-back-side-png-image-pngpix-18.png
236,50124,Ford,Focus,2015,7830,https://www.freepnglogos.com/uploads/car-png/ford-mustang-red-car-back-side-png-image-pngpix-18.png
237,29851,Ford,Fiesta,2015,6990,https://www.freepnglogos.com/uploads/car-png/ford-mustang-red-car-back-side-png-image-pngpix-18.png
238,17307,Hyundai,I20,2017,7999,https://www.freepnglogos.com/uploads/car-png/hyundai-sonata-red-car-png-image-pngpix-8.png
239,25233,Hyundai,Tucson,2016,14499,https://www.freepnglogos.com/uploads/car-png/hyundai-sonata-red-car-png-image-pngpix-8.png
240,37877,Hyundai,Tucson,2016,11399,https://www.freepnglogos.com/uploads/car-png/hyundai-sonata-red-car-png-image-pngpix-8.png
241,23789,Hyundai,I10,2016,6499,https://www.freepnglogos.com/uploads/car-png/hyundai-sonata-red-car-png-image-pngpix-8.png
242,33177,Hyundai,IX35,2015,10199,https://www.freepnglogos.com/uploads/car-png/hyundai-sonata-red-car-png-image-pngpix-8.png
243,41650,Hyundai,I10,2015,6149,https://www.freepnglogos.com/uploads/car-png/hyundai-sonata-red-car-png-image-pngpix-8.png
244,39547,Hyundai,I20,2015,6799,https://www.freepnglogos.com/uploads/car-png/hyundai-sonata-red-car-png-image-pngpix-8.png
245,30300,Hyundai,Tucson,2016,14199,https://www.freepnglogos.com/uploads/car-png/hyundai-sonata-red-car-png-image-pngpix-8.png
246,38082,Hyundai,I30,2018,10399,https://www.freepnglogos.com/uploads/car-png/hyundai-sonata-red-car-png-image-pngpix-8.png
247,21014,Hyundai,Tucson,2016,12163,https://www.freepnglogos.com/uploads/car-png/hyundai-sonata-red-car-png-image-pngpix-8.png
248,22888,Hyundai,Tucson,2017,13200,https://www.freepnglogos.com/uploads/car-png/hyundai-sonata-red-car-png-image-pngpix-8.png
249,20000,Hyundai,I30,2017,10000,https://www.freepnglogos.com/uploads/car-png/hyundai-sonata-red-car-png-image-pngpix-8.png
250,26413,Hyundai,I20,2015,6900,https://www.freepnglogos.com/uploads/car-png/hyundai-sonata-red-car-png-image-pngpix-8.png
251,10000,Hyundai,Tucson,2019,17750,https://www.freepnglogos.com/uploads/car-png/hyundai-sonata-red-car-png-image-pngpix-8.png
252,18626,Hyundai,Tucson,2017,14600,https://www.freepnglogos.com/uploads/car-png/hyundai-sonata-red-car-png-image-pngpix-8.png
253,31979,Hyundai,I40,2015,8700,https://www.freepnglogos.com/uploads/car-png/hyundai-sonata-red-car-png-image-pngpix-8.png
254,26685,Hyundai,Tucson,2017,13000,https://www.freepnglogos.com/uploads/car-png/hyundai-sonata-red-car-png-image-pngpix-8.png
255,35000,Hyundai,I10,2018,7100,https://www.freepnglogos.com/uploads/car-png/hyundai-sonata-red-car-png-image-pngpix-8.png
256,6000,Hyundai,I10,2016,7500,https://www.freepnglogos.com/uploads/car-png/hyundai-sonata-red-car-png-image-pngpix-8.png
257,17059,Hyundai,Tucson,2017,12000,https://www.freepnglogos.com/uploads/car-png/hyundai-sonata-red-car-png-image-pngpix-8.png
258,49174,Hyundai,Tucson,2017,11695,https://www.freepnglogos.com/uploads/car-png/hyundai-sonata-red-car-png-image-pngpix-8.png
259,6413,Hyundai,I20,2015,7995,https://www.freepnglogos.com/uploads/car-png/hyundai-sonata-red-car-png-image-pngpix-8.png
260,34177,Hyundai,Tucson,2015,10700,https://www.freepnglogos.com/uploads/car-png/hyundai-sonata-red-car-png-image-pngpix-8.png
261,7447,Hyundai,I10,2016,8100,https://www.freepnglogos.com/uploads/car-png/hyundai-sonata-red-car-png-image-pngpix-8.png
262,34500,Hyundai,IX35,2013,8200,https://www.freepnglogos.com/uploads/car-png/hyundai-sonata-red-car-png-image-pngpix-8.png
263,16751,Hyundai,I10,2016,6600,https://www.freepnglogos.com/uploads/car-png/hyundai-sonata-red-car-png-image-pngpix-8.png
264,16265,Hyundai,Tucson,2018,13900,https://www.freepnglogos.com/uploads/car-png/hyundai-sonata-red-car-png-image-pngpix-8.png
265,19087,Hyundai,Tucson,2018,13700,https://www.freepnglogos.com/uploads/car-png/hyundai-sonata-red-car-png-image-pngpix-8.png
266,38206,Hyundai,I30,2017,8300,https://www.freepnglogos.com/uploads/car-png/hyundai-sonata-red-car-png-image-pngpix-8.png
267,20025,Hyundai,Tucson,2016,15800,https://www.freepnglogos.com/uploads/car-png/hyundai-sonata-red-car-png-image-pngpix-8.png
268,32227,Hyundai,Ioniq,2018,15000,https://www.freepnglogos.com/uploads/car-png/hyundai-sonata-red-car-png-image-pngpix-8.png
269,28904,Hyundai,Tucson,2015,15200,https://www.freepnglogos.com/uploads/car-png/hyundai-sonata-red-car-png-image-pngpix-8.png
270,8646,Hyundai,I10,2014,7700,https://www.freepnglogos.com/uploads/car-png/hyundai-sonata-red-car-png-image-pngpix-8.png
271,17663,Hyundai,I30,2017,10500,https://www.freepnglogos.com/uploads/car-png/hyundai-sonata-red-car-png-image-pngpix-8.png
272,12661,Hyundai,I20,2017,11400,https://www.freepnglogos.com/uploads/car-png/hyundai-sonata-red-car-png-image-pngpix-8.png
273,7359,Hyundai,Kona,2018,12995,https://www.freepnglogos.com/uploads/car-png/hyundai-sonata-red-car-png-image-pngpix-8.png
274,4353,Hyundai,Tucson,2019,18000,https://www.freepnglogos.com/uploads/car-png/hyundai-sonata-red-car-png-image-pngpix-8.png
275,7126,Hyundai,I10,2018,9000,https://www.freepnglogos.com/uploads/car-png/hyundai-sonata-red-car-png-image-pngpix-8.png
276,36324,Hyundai,Veloster,2014,8300,https://www.freepnglogos.com/uploads/car-png/hyundai-sonata-red-car-png-image-pngpix-8.png
277,12948,Hyundai,I10,2018,8500,https://www.freepnglogos.com/uploads/car-png/hyundai-sonata-red-car-png-image-pngpix-8.png
278,2481,Hyundai,I30,2019,14500,https://www.freepnglogos.com/uploads/car-png/hyundai-sonata-red-car-png-image-pngpix-8.png
279,27311,Hyundai,Tucson,2016,13800,https://www.freepnglogos.com/uploads/car-png/hyundai-sonata-red-car-png-image-pngpix-8.png
280,34443,Hyundai,I30,2016,9000,https://www.freepnglogos.com/uploads/car-png/hyundai-sonata-red-car-png-image-pngpix-8.png
281,16961,Hyundai,Tucson,2017,13800,https://www.freepnglogos.com/uploads/car-png/hyundai-sonata-red-car-png-image-pngpix-8.png
282,5067,Hyundai,Tucson,2017,14100,https://www.freepnglogos.com/uploads/car-png/hyundai-sonata-red-car-png-image-pngpix-8.png
283,45230,Hyundai,I10,2013,5000,https://www.freepnglogos.com/uploads/car-png/hyundai-sonata-red-car-png-image-pngpix-8.png
284,6349,Hyundai,I10,2018,10300,https://www.freepnglogos.com/uploads/car-png/hyundai-sonata-red-car-png-image-pngpix-8.png
285,13268,Hyundai,I40,2015,11500,https://www.freepnglogos.com/uploads/car-png/hyundai-sonata-red-car-png-image-pngpix-8.png
286,29610,Hyundai,I30,2016,9000,https://www.freepnglogos.com/uploads/car-png/hyundai-sonata-red-car-png-image-pngpix-8.png
287,23041,Hyundai,IX35,2015,11400,https://www.freepnglogos.com/uploads/car-png/hyundai-sonata-red-car-png-image-pngpix-8.png
288,21821,Hyundai,I20,2017,10000,https://www.freepnglogos.com/uploads/car-png/hyundai-sonata-red-car-png-image-pngpix-8.png
289,17397,Hyundai,I10,2018,7800,https://www.freepnglogos.com/uploads/car-png/hyundai-sonata-red-car-png-image-pngpix-8.png
290,31854,Hyundai,I10,2016,6300,https://www.freepnglogos.com/uploads/car-png/hyundai-sonata-red-car-png-image-pngpix-8.png
291,37993,Hyundai,Tucson,2016,11300,https://www.freepnglogos.com/uploads/car-png/hyundai-sonata-red-car-png-image-pngpix-8.png
292,30305,Hyundai,I800,2018,15500,https://www.freepnglogos.com/uploads/car-png/hyundai-sonata-red-car-png-image-pngpix-8.png
293,3920,Hyundai,I20,2018,11700,https://www.freepnglogos.com/uploads/car-png/hyundai-sonata-red-car-png-image-pngpix-8.png
294,21875,Hyundai,Tucson,2017,16800,https://www.freepnglogos.com/uploads/car-png/hyundai-sonata-red-car-png-image-pngpix-8.png
295,27465,Hyundai,I10,2016,6500,https://www.freepnglogos.com/uploads/car-png/hyundai-sonata-red-car-png-image-pngpix-8.png
296,4920,Hyundai,I10,2019,8600,https://www.freepnglogos.com/uploads/car-png/hyundai-sonata-red-car-png-image-pngpix-8.png
297,18577,Hyundai,I30,2016,9400,https://www.freepnglogos.com/uploads/car-png/hyundai-sonata-red-car-png-image-pngpix-8.png
298,42320,Hyundai,IX20,2013,6000,https://www.freepnglogos.com/uploads/car-png/hyundai-sonata-red-car-png-image-pngpix-8.png
299,23310,Hyundai,Tucson,2017,15000,https://www.freepnglogos.com/uploads/car-png/hyundai-sonata-red-car-png-image-pngpix-8.png
300,22397,Hyundai,Tucson,2019,15000,https://www.freepnglogos.com/uploads/car-png/hyundai-sonata-red-car-png-image-pngpix-8.png
301,10066,Hyundai,Tucson,2019,16300,https://www.freepnglogos.com/uploads/car-png/hyundai-sonata-red-car-png-image-pngpix-8.png
302,13148,Hyundai,I10,2018,8300,https://www.freepnglogos.com/uploads/car-png/hyundai-sonata-red-car-png-image-pngpix-8.png
303,7691,Hyundai,I800,2019,18500,https://www.freepnglogos.com/uploads/car-png/hyundai-sonata-red-car-png-image-pngpix-8.png
304,21898,Hyundai,Tucson,2016,12300,https://www.freepnglogos.com/uploads/car-png/hyundai-sonata-red-car-png-image-pngpix-8.png
305,24740,Hyundai,I10,2016,6500,https://www.freepnglogos.com/uploads/car-png/hyundai-sonata-red-car-png-image-pngpix-8.png
306,20127,Hyundai,I10,2014,5500,https://www.freepnglogos.com/uploads/car-png/hyundai-sonata-red-car-png-image-pngpix-8.png
307,34103,Hyundai,I800,2018,15299,https://www.freepnglogos.com/uploads/car-png/hyundai-sonata-red-car-png-image-pngpix-8.png
308,21152,Hyundai,IX20,2016,9000,https://www.freepnglogos.com/uploads/car-png/hyundai-sonata-red-car-png-image-pngpix-8.png
309,15618,Hyundai,I10,2017,7600,https://www.freepnglogos.com/uploads/car-png/hyundai-sonata-red-car-png-image-pngpix-8.png
310,15594,Hyundai,I10,2017,7300,https://www.freepnglogos.com/uploads/car-png/hyundai-sonata-red-car-png-image-pngpix-8.png
311,28123,Hyundai,I20,2015,7500,https://www.freepnglogos.com/uploads/car-png/hyundai-sonata-red-car-png-image-pngpix-8.png
312,1963,Hyundai,Ioniq,2019,19800,https://www.freepnglogos.com/uploads/car-png/hyundai-sonata-red-car-png-image-pngpix-8.png
313,13637,Hyundai,I10,2015,7500,https://www.freepnglogos.com/uploads/car-png/hyundai-sonata-red-car-png-image-pngpix-8.png
314,7457,Hyundai,Tucson,2017,15700,https://www.freepnglogos.com/uploads/car-png/hyundai-sonata-red-car-png-image-pngpix-8.png
315,16708,Hyundai,I20,2017,8500,https://www.freepnglogos.com/uploads/car-png/hyundai-sonata-red-car-png-image-pngpix-8.png
316,2236,Hyundai,Tucson,2017,12000,https://www.freepnglogos.com/uploads/car-png/hyundai-sonata-red-car-png-image-pngpix-8.png
317,63000,Mercedez,SLK,2005,5200,https://www.freepnglogos.com/uploads/mercedes-png/mercedes-benz-class-price-features-mercedes-benz-7.png
318,27000,Mercedez,S Class,2017,34948,https://www.freepnglogos.com/uploads/mercedes-png/mercedes-benz-class-price-features-mercedes-benz-7.png
319,6200,Mercedez,SL CLASS,2016,49948,https://www.freepnglogos.com/uploads/mercedes-png/mercedes-benz-class-price-features-mercedes-benz-7.png
320,16000,Mercedez,G Class,2016,61948,https://www.freepnglogos.com/uploads/mercedes-png/mercedes-benz-class-price-features-mercedes-benz-7.png
321,4000,Mercedez,G Class,2016,73948,https://www.freepnglogos.com/uploads/mercedes-png/mercedes-benz-class-price-features-mercedes-benz-7.png
322,3000,Mercedez,SL CLASS,2011,149948,https://www.freepnglogos.com/uploads/mercedes-png/mercedes-benz-class-price-features-mercedes-benz-7.png
323,16000,Mercedez,GLE Class,2018,30948,https://www.freepnglogos.com/uploads/mercedes-png/mercedes-benz-class-price-features-mercedes-benz-7.png
324,107000,Mercedez,S Class,2012,10948,https://www.freepnglogos.com/uploads/mercedes-png/mercedes-benz-class-price-features-mercedes-benz-7.png
325,12000,Mercedez,G Class,2019,139948,https://www.freepnglogos.com/uploads/mercedes-png/mercedes-benz-class-price-features-mercedes-benz-7.png
326,15258,Mercedez,GLA Class,2017,19750,https://www.freepnglogos.com/uploads/mercedes-png/mercedes-benz-class-price-features-mercedes-benz-7.png
327,606,Mercedez,A Class,2020,32980,https://www.freepnglogos.com/uploads/mercedes-png/mercedes-benz-class-price-features-mercedes-benz-7.png
328,1000,Mercedez,A Class,2020,26980,https://www.freepnglogos.com/uploads/mercedes-png/mercedes-benz-class-price-features-mercedes-benz-7.png
329,278,Mercedez,B Class,2019,23750,https://www.freepnglogos.com/uploads/mercedes-png/mercedes-benz-class-price-features-mercedes-benz-7.png
330,5500,Mercedez,GLC Class,2019,67980,https://www.freepnglogos.com/uploads/mercedes-png/mercedes-benz-class-price-features-mercedes-benz-7.png
331,41713,Mercedez,GLA Class,2016,18980,https://www.freepnglogos.com/uploads/mercedes-png/mercedes-benz-class-price-features-mercedes-benz-7.png
332,24841,Mercedez,B Class,2017,15890,https://www.freepnglogos.com/uploads/mercedes-png/mercedes-benz-class-price-features-mercedes-benz-7.png
333,30281,Mercedez,C Class,2017,19890,https://www.freepnglogos.com/uploads/mercedes-png/mercedes-benz-class-price-features-mercedes-benz-7.png
334,2483,Mercedez,GLE Class,2019,56800,https://www.freepnglogos.com/uploads/mercedes-png/mercedes-benz-class-price-features-mercedes-benz-7.png
335,14128,Mercedez,B Class,2017,17513,https://www.freepnglogos.com/uploads/mercedes-png/mercedes-benz-class-price-features-mercedes-benz-7.png
336,20498,Mercedez,C Class,2014,15701,https://www.freepnglogos.com/uploads/mercedes-png/mercedes-benz-class-price-features-mercedes-benz-7.png
337,9949,Mercedez,C Class,2019,26601,https://www.freepnglogos.com/uploads/mercedes-png/mercedes-benz-class-price-features-mercedes-benz-7.png
338,31656,Mercedez,C Class,2016,17672,https://www.freepnglogos.com/uploads/mercedes-png/mercedes-benz-class-price-features-mercedes-benz-7.png
339,21874,Mercedez,E Class,2015,20769,https://www.freepnglogos.com/uploads/mercedes-png/mercedes-benz-class-price-features-mercedes-benz-7.png
340,13398,Mercedez,E Class,2017,22270,https://www.freepnglogos.com/uploads/mercedes-png/mercedes-benz-class-price-features-mercedes-benz-7.png
341,13581,Mercedez,GL Class,2015,34129,https://www.freepnglogos.com/uploads/mercedes-png/mercedes-benz-class-price-features-mercedes-benz-7.png
342,16730,Mercedez,SL CLASS,2017,20601,https://www.freepnglogos.com/uploads/mercedes-png/mercedes-benz-class-price-features-mercedes-benz-7.png
343,13887,Mercedez,CLS Class,2016,25077,https://www.freepnglogos.com/uploads/mercedes-png/mercedes-benz-class-price-features-mercedes-benz-7.png
344,2780,Mercedez,SL CLASS,2017,21609,https://www.freepnglogos.com/uploads/mercedes-png/mercedes-benz-class-price-features-mercedes-benz-7.png
345,8725,Mercedez,SL CLASS,2018,22914,https://www.freepnglogos.com/uploads/mercedes-png/mercedes-benz-class-price-features-mercedes-benz-7.png
346,25042,Mercedez,C Class,2016,19328,https://www.freepnglogos.com/uploads/mercedes-png/mercedes-benz-class-price-features-mercedes-benz-7.png
347,7990,Mercedez,C Class,2019,29546,https://www.freepnglogos.com/uploads/mercedes-png/mercedes-benz-class-price-features-mercedes-benz-7.png
348,26153,Mercedez,GLC Class,2019,35611,https://www.freepnglogos.com/uploads/mercedes-png/mercedes-benz-class-price-features-mercedes-benz-7.png
349,31371,Mercedez,C Class,2017,15311,https://www.freepnglogos.com/uploads/mercedes-png/mercedes-benz-class-price-features-mercedes-benz-7.png
350,2563,Mercedez,A Class,2020,28128,https://www.freepnglogos.com/uploads/mercedes-png/mercedes-benz-class-price-features-mercedes-benz-7.png
351,1173,Mercedez,A Class,2019,23184,https://www.freepnglogos.com/uploads/mercedes-png/mercedes-benz-glc-class-reviews-and-rating-motor-trend-34.png
352,24092,Mercedez,A Class,2017,15787,https://www.freepnglogos.com/uploads/mercedes-png/mercedes-benz-glc-class-reviews-and-rating-motor-trend-34.png
353,14517,Mercedez,GLC Class,2018,30682,https://www.freepnglogos.com/uploads/mercedes-png/mercedes-benz-glc-class-reviews-and-rating-motor-trend-34.png
354,11000,Mercedez,A Class,2019,25701,https://www.freepnglogos.com/uploads/mercedes-png/mercedes-benz-glc-class-reviews-and-rating-motor-trend-34.png
355,3500,Mercedez,C Class,2020,31790,https://www.freepnglogos.com/uploads/mercedes-png/mercedes-benz-glc-class-reviews-and-rating-motor-trend-34.png
356,2471,Mercedez,A Class,2019,25190,https://www.freepnglogos.com/uploads/mercedes-png/mercedes-benz-glc-class-reviews-and-rating-motor-trend-34.png
357,43955,Mercedez,SLK,2014,15990,https://www.freepnglogos.com/uploads/mercedes-png/mercedes-benz-glc-class-reviews-and-rating-motor-trend-34.png
358,18837,Mercedez,CLS Class,2018,34990,https://www.freepnglogos.com/uploads/mercedes-png/mercedes-benz-glc-class-reviews-and-rating-motor-trend-34.png
359,9886,Mercedez,GLC Class,2019,30799,https://www.freepnglogos.com/uploads/mercedes-png/mercedes-benz-glc-class-reviews-and-rating-motor-trend-34.png
360,16509,Mercedez,C Class,2017,19743,https://www.freepnglogos.com/uploads/mercedes-png/mercedes-benz-glc-class-reviews-and-rating-motor-trend-34.png
361,7475,Mercedez,C Class,2019,24055,https://www.freepnglogos.com/uploads/mercedes-png/mercedes-benz-glc-class-reviews-and-rating-motor-trend-34.png
362,13661,Mercedez,B Class,2019,20945,https://www.freepnglogos.com/uploads/mercedes-png/mercedes-benz-glc-class-reviews-and-rating-motor-trend-34.png
363,8263,Mercedez,C Class,2019,28524,https://www.freepnglogos.com/uploads/mercedes-png/mercedes-benz-glc-class-reviews-and-rating-motor-trend-34.png
364,10279,Mercedez,E Class,2019,24541,https://www.freepnglogos.com/uploads/mercedes-png/mercedes-benz-glc-class-reviews-and-rating-motor-trend-34.png
365,37000,Mercedez,E Class,2017,20880,https://www.freepnglogos.com/uploads/mercedes-png/mercedes-benz-glc-class-reviews-and-rating-motor-trend-34.png
366,66000,Mercedez,A Class,2006,2880,https://www.freepnglogos.com/uploads/mercedes-png/mercedes-benz-glc-class-reviews-and-rating-motor-trend-34.png
367,40000,Mercedez,CLC Class,2010,5880,https://www.freepnglogos.com/uploads/mercedes-png/mercedes-benz-glc-class-reviews-and-rating-motor-trend-34.png
368,43000,Mercedez,C Class,2015,14940,https://www.freepnglogos.com/uploads/mercedes-png/mercedes-benz-glc-class-reviews-and-rating-motor-trend-34.png
369,46000,Mercedez,SLK,2004,4890,https://www.freepnglogos.com/uploads/mercedes-png/mercedes-benz-glc-class-reviews-and-rating-motor-trend-34.png
370,18000,Mercedez,SL CLASS,2010,16990,https://www.freepnglogos.com/uploads/mercedes-png/mercedes-benz-glc-class-reviews-and-rating-motor-trend-34.png
371,71000,Mercedez,B Class,2010,3890,https://www.freepnglogos.com/uploads/mercedes-png/mercedes-benz-glc-class-reviews-and-rating-motor-trend-34.png
372,90000,Mercedez,B Class,2011,3990,https://www.freepnglogos.com/uploads/mercedes-png/mercedes-benz-glc-class-reviews-and-rating-motor-trend-34.png
373,74000,Mercedez,A Class,2011,3440,https://www.freepnglogos.com/uploads/mercedes-png/mercedes-benz-glc-class-reviews-and-rating-motor-trend-34.png
374,3000,Mercedez,GLE Class,2020,48995,https://www.freepnglogos.com/uploads/mercedes-png/mercedes-benz-glc-class-reviews-and-rating-motor-trend-34.png
375,60000,Mercedez,SLK,2008,5980,https://www.freepnglogos.com/uploads/mercedes-png/mercedes-benz-glc-class-reviews-and-rating-motor-trend-34.png
376,52000,Mercedez,E Class,2015,13990,https://www.freepnglogos.com/uploads/mercedes-png/mercedes-benz-glc-class-reviews-and-rating-motor-trend-34.png
377,84000,Mercedez,CLA Class,2016,14480,https://www.freepnglogos.com/uploads/mercedes-png/mercedes-benz-glc-class-reviews-and-rating-motor-trend-34.png
378,79000,Mercedez,E Class,2010,6980,https://www.freepnglogos.com/uploads/mercedes-png/mercedes-benz-glc-class-reviews-and-rating-motor-trend-34.png
379,48000,Mercedez,C Class,2014,11290,https://www.freepnglogos.com/uploads/mercedes-png/mercedes-benz-glc-class-reviews-and-rating-motor-trend-34.png
380,115000,Mercedez,E Class,2011,5740,https://www.freepnglogos.com/uploads/mercedes-png/mercedes-benz-glc-class-reviews-and-rating-motor-trend-34.png
381,16000,Mercedez,V Class,2017,31980,https://www.freepnglogos.com/uploads/mercedes-png/mercedes-benz-glc-class-reviews-and-rating-motor-trend-34.png
382,45000,Mercedez,CLA Class,2014,15990,https://www.freepnglogos.com/uploads/mercedes-png/mercedes-benz-glc-class-reviews-and-rating-motor-trend-34.png
383,47000,Mercedez,B Class,2015,11240,https://www.freepnglogos.com/uploads/mercedes-png/mercedes-benz-glc-class-reviews-and-rating-motor-trend-34.png
384,6200,Mercedez,GLC Class,2019,37980,https://www.freepnglogos.com/uploads/mercedes-png/mercedes-benz-glc-class-reviews-and-rating-motor-trend-34.png
385,5500,Mercedez,C Class,2019,28980,https://www.freepnglogos.com/uploads/mercedes-png/mercedes-benz-glc-class-reviews-and-rating-motor-trend-34.png
386,3908,Mercedez,C Class,2019,23280,https://www.freepnglogos.com/uploads/mercedes-png/mercedes-benz-glc-class-reviews-and-rating-motor-trend-34.png
387,2000,Mercedez,C Class,2019,32980,https://www.freepnglogos.com/uploads/mercedes-png/mercedes-benz-glc-class-reviews-and-rating-motor-trend-34.png
388,110000,Mercedez,M Class,2008,5990,https://www.freepnglogos.com/uploads/mercedes-png/mercedes-benz-glc-class-reviews-and-rating-motor-trend-34.png
389,54000,Mercedez,A Class,2013,7300,https://www.freepnglogos.com/uploads/mercedes-png/mercedes-benz-glc-class-reviews-and-rating-motor-trend-34.png
390,26000,Mercedez,S Class,2014,41980,https://www.freepnglogos.com/uploads/mercedes-png/mercedes-benz-glc-class-reviews-and-rating-motor-trend-34.png
391,104000,Mercedez,GL Class,2007,7340,https://www.freepnglogos.com/uploads/mercedes-png/mercedes-benz-glc-class-reviews-and-rating-motor-trend-34.png
392,74000,Mercedez,GL Class,2007,8490,https://www.freepnglogos.com/uploads/mercedes-png/mercedes-benz-glc-class-reviews-and-rating-motor-trend-34.png
393,130000,Mercedez,C Class,2009,4480,https://www.freepnglogos.com/uploads/mercedes-png/mercedes-benz-glc-class-reviews-and-rating-motor-trend-34.png
394,75000,Mercedez,S Class,2016,24880,https://www.freepnglogos.com/uploads/mercedes-png/mercedes-benz-glc-class-reviews-and-rating-motor-trend-34.png
395,22000,Mercedez,E Class,2015,17480,https://www.freepnglogos.com/uploads/mercedes-png/mercedes-benz-glc-class-reviews-and-rating-motor-trend-34.png
396,24089,Toyota,GT86,2016,16000,https://www.freepnglogos.com/uploads/fortuner-png/toyota-fortuner-wikipedia-bahasa-indonesia-ensiklopedia-21.png
397,18615,Toyota,GT86,2017,15995,https://www.freepnglogos.com/uploads/fortuner-png/toyota-fortuner-wikipedia-bahasa-indonesia-ensiklopedia-21.png
398,27469,Toyota,GT86,2015,13998,https://www.freepnglogos.com/uploads/fortuner-png/toyota-fortuner-wikipedia-bahasa-indonesia-ensiklopedia-21.png
399,14736,Toyota,GT86,2017,18998,https://www.freepnglogos.com/uploads/fortuner-png/toyota-fortuner-wikipedia-bahasa-indonesia-ensiklopedia-21.png
400,36284,Toyota,GT86,2017,17498,https://www.freepnglogos.com/uploads/fortuner-png/toyota-fortuner-wikipedia-bahasa-indonesia-ensiklopedia-21.png
401,26919,Toyota,GT86,2017,15998,https://www.freepnglogos.com/uploads/fortuner-png/toyota-fortuner-wikipedia-bahasa-indonesia-ensiklopedia-21.png
402,10456,Toyota,GT86,2017,18522,https://www.freepnglogos.com/uploads/fortuner-png/toyota-fortuner-wikipedia-bahasa-indonesia-ensiklopedia-21.png
403,12340,Toyota,GT86,2017,18995,https://www.freepnglogos.com/uploads/fortuner-png/toyota-fortuner-wikipedia-bahasa-indonesia-ensiklopedia-21.png
404,516,Toyota,GT86,2020,27998,https://www.freepnglogos.com/uploads/fortuner-png/toyota-fortuner-wikipedia-bahasa-indonesia-ensiklopedia-21.png
405,37999,Toyota,GT86,2016,13990,https://www.freepnglogos.com/uploads/fortuner-png/toyota-fortuner-wikipedia-bahasa-indonesia-ensiklopedia-21.png
406,72000,Toyota,GT86,2013,10495,https://www.freepnglogos.com/uploads/fortuner-png/toyota-fortuner-wikipedia-bahasa-indonesia-ensiklopedia-21.png
407,12597,Toyota,GT86,2017,17990,https://www.freepnglogos.com/uploads/fortuner-png/toyota-fortuner-wikipedia-bahasa-indonesia-ensiklopedia-21.png
408,36100,Toyota,GT86,2017,16995,https://www.freepnglogos.com/uploads/fortuner-png/toyota-fortuner-wikipedia-bahasa-indonesia-ensiklopedia-21.png
409,995,Toyota,GT86,2019,23995,https://www.freepnglogos.com/uploads/fortuner-png/toyota-fortuner-wikipedia-bahasa-indonesia-ensiklopedia-21.png
410,35228,Toyota,GT86,2018,18498,https://www.freepnglogos.com/uploads/fortuner-png/toyota-fortuner-wikipedia-bahasa-indonesia-ensiklopedia-21.png
411,1751,Toyota,GT86,2019,23980,https://www.freepnglogos.com/uploads/fortuner-png/toyota-fortuner-wikipedia-bahasa-indonesia-ensiklopedia-21.png
412,16444,Toyota,GT86,2017,17995,https://www.freepnglogos.com/uploads/fortuner-png/toyota-fortuner-wikipedia-bahasa-indonesia-ensiklopedia-21.png
413,25499,Toyota,GT86,2014,12998,https://www.freepnglogos.com/uploads/fortuner-png/toyota-fortuner-wikipedia-bahasa-indonesia-ensiklopedia-21.png
414,3934,Toyota,GT86,2019,23495,https://www.freepnglogos.com/uploads/fortuner-png/toyota-fortuner-wikipedia-bahasa-indonesia-ensiklopedia-21.png
415,5123,Toyota,GT86,2019,25780,https://www.freepnglogos.com/uploads/fortuner-png/toyota-fortuner-wikipedia-bahasa-indonesia-ensiklopedia-21.png
416,1500,Toyota,GT86,2020,26995,https://www.freepnglogos.com/uploads/fortuner-png/toyota-fortuner-wikipedia-bahasa-indonesia-ensiklopedia-21.png
417,913,Toyota,GT86,2019,23998,https://www.freepnglogos.com/uploads/fortuner-png/toyota-fortuner-wikipedia-bahasa-indonesia-ensiklopedia-21.png
418,2680,Toyota,GT86,2019,26995,https://www.freepnglogos.com/uploads/fortuner-png/toyota-fortuner-wikipedia-bahasa-indonesia-ensiklopedia-21.png
419,14345,Toyota,GT86,2017,17000,https://www.freepnglogos.com/uploads/fortuner-png/toyota-fortuner-wikipedia-bahasa-indonesia-ensiklopedia-21.png
420,15525,Toyota,GT86,2018,19995,https://www.freepnglogos.com/uploads/fortuner-png/toyota-fortuner-wikipedia-bahasa-indonesia-ensiklopedia-21.png
421,3000,Toyota,GT86,2020,31000,https://www.freepnglogos.com/uploads/fortuner-png/toyota-fortuner-wikipedia-bahasa-indonesia-ensiklopedia-21.png
422,19460,Toyota,GT86,2016,15995,https://www.freepnglogos.com/uploads/fortuner-png/toyota-fortuner-wikipedia-bahasa-indonesia-ensiklopedia-21.png
423,31231,Toyota,GT86,2018,18490,https://www.freepnglogos.com/uploads/fortuner-png/toyota-fortuner-wikipedia-bahasa-indonesia-ensiklopedia-21.png
424,339,Toyota,GT86,2020,24990,https://www.freepnglogos.com/uploads/fortuner-png/toyota-fortuner-wikipedia-bahasa-indonesia-ensiklopedia-21.png
425,30500,Toyota,GT86,2015,13981,https://www.freepnglogos.com/uploads/fortuner-png/toyota-fortuner-wikipedia-bahasa-indonesia-ensiklopedia-21.png
426,38126,Toyota,GT86,2015,13991,https://www.freepnglogos.com/uploads/fortuner-png/toyota-fortuner-wikipedia-bahasa-indonesia-ensiklopedia-21.png
427,3348,Toyota,GT86,2019,27060,https://www.freepnglogos.com/uploads/fortuner-png/toyota-fortuner-wikipedia-bahasa-indonesia-ensiklopedia-21.png
428,5260,Toyota,GT86,2018,20695,https://www.freepnglogos.com/uploads/fortuner-png/toyota-fortuner-wikipedia-bahasa-indonesia-ensiklopedia-21.png
429,100,Toyota,GT86,2019,25999,https://www.freepnglogos.com/uploads/fortuner-png/toyota-fortuner-wikipedia-bahasa-indonesia-ensiklopedia-21.png
430,50584,Toyota,GT86,2013,11575,https://www.freepnglogos.com/uploads/fortuner-png/toyota-fortuner-wikipedia-bahasa-indonesia-ensiklopedia-21.png
431,6445,Toyota,GT86,2017,20995,https://www.freepnglogos.com/uploads/fortuner-png/toyota-fortuner-wikipedia-bahasa-indonesia-ensiklopedia-21.png
432,18389,Toyota,GT86,2014,14999,https://www.freepnglogos.com/uploads/fortuner-png/toyota-fortuner-wikipedia-bahasa-indonesia-ensiklopedia-21.png
433,100,Toyota,GT86,2019,27000,https://www.freepnglogos.com/uploads/fortuner-png/toyota-fortuner-wikipedia-bahasa-indonesia-ensiklopedia-21.png
434,28321,Toyota,GT86,2016,15000,https://www.freepnglogos.com/uploads/fortuner-png/toyota-fortuner-wikipedia-bahasa-indonesia-ensiklopedia-21.png
435,16241,Toyota,GT86,2019,22200,https://www.freepnglogos.com/uploads/fortuner-png/toyota-fortuner-wikipedia-bahasa-indonesia-ensiklopedia-21.png
436,3150,Toyota,GT86,2019,24990,https://www.freepnglogos.com/uploads/fortuner-png/toyota-fortuner-wikipedia-bahasa-indonesia-ensiklopedia-21.png
437,8912,Toyota,GT86,2019,25995,https://www.freepnglogos.com/uploads/fortuner-png/toyota-fortuner-wikipedia-bahasa-indonesia-ensiklopedia-21.png
438,9639,Toyota,GT86,2017,19500,https://www.freepnglogos.com/uploads/fortuner-png/toyota-fortuner-wikipedia-bahasa-indonesia-ensiklopedia-21.png
439,20219,Toyota,GT86,2017,18250,https://www.freepnglogos.com/uploads/fortuner-png/toyota-fortuner-wikipedia-bahasa-indonesia-ensiklopedia-21.png
440,1557,Toyota,GT86,2019,23995,https://www.freepnglogos.com/uploads/fortuner-png/toyota-fortuner-wikipedia-bahasa-indonesia-ensiklopedia-21.png
441,14000,Toyota,GT86,2016,17500,https://www.freepnglogos.com/uploads/fortuner-png/toyota-fortuner-wikipedia-bahasa-indonesia-ensiklopedia-21.png
442,4500,Toyota,GT86,2019,23997,https://www.freepnglogos.com/uploads/fortuner-png/toyota-fortuner-wikipedia-bahasa-indonesia-ensiklopedia-21.png
443,21000,Toyota,GT86,2017,17102,https://www.freepnglogos.com/uploads/fortuner-png/toyota-fortuner-wikipedia-bahasa-indonesia-ensiklopedia-21.png
444,2488,Toyota,GT86,2019,24995,https://www.freepnglogos.com/uploads/fortuner-png/toyota-fortuner-wikipedia-bahasa-indonesia-ensiklopedia-21.png
445,26000,Toyota,GT86,2017,19995,https://www.freepnglogos.com/uploads/fortuner-png/toyota-fortuner-wikipedia-bahasa-indonesia-ensiklopedia-21.png
446,999,Toyota,GT86,2020,29769,https://www.freepnglogos.com/uploads/fortuner-png/toyota-fortuner-wikipedia-bahasa-indonesia-ensiklopedia-21.png
447,4442,Toyota,GT86,2019,25850,https://www.freepnglogos.com/uploads/fortuner-png/toyota-fortuner-wikipedia-bahasa-indonesia-ensiklopedia-21.png
448,24667,Toyota,GT86,2014,13495,https://www.freepnglogos.com/uploads/fortuner-png/toyota-fortuner-wikipedia-bahasa-indonesia-ensiklopedia-21.png
449,13930,Toyota,GT86,2017,18495,https://www.freepnglogos.com/uploads/fortuner-png/toyota-fortuner-wikipedia-bahasa-indonesia-ensiklopedia-21.png
450,614,Toyota,GT86,2020,25499,https://www.freepnglogos.com/uploads/fortuner-png/toyota-fortuner-wikipedia-bahasa-indonesia-ensiklopedia-21.png
451,18544,Toyota,GT86,2017,18621,https://www.freepnglogos.com/uploads/fortuner-png/toyota-fortuner-wikipedia-bahasa-indonesia-ensiklopedia-21.png
452,7056,Toyota,GT86,2019,25121,https://www.freepnglogos.com/uploads/fortuner-png/toyota-fortuner-wikipedia-bahasa-indonesia-ensiklopedia-21.png
453,11898,Toyota,GT86,2017,17500,https://www.freepnglogos.com/uploads/fortuner-png/toyota-fortuner-wikipedia-bahasa-indonesia-ensiklopedia-21.png
454,28335,Toyota,GT86,2013,11599,https://www.freepnglogos.com/uploads/fortuner-png/toyota-fortuner-wikipedia-bahasa-indonesia-ensiklopedia-21.png
455,10089,Toyota,GT86,2017,17249,https://www.freepnglogos.com/uploads/fortuner-png/toyota-fortuner-wikipedia-bahasa-indonesia-ensiklopedia-21.png
456,3250,Toyota,GT86,2020,25995,https://www.freepnglogos.com/uploads/fortuner-png/toyota-fortuner-wikipedia-bahasa-indonesia-ensiklopedia-21.png
457,39761,Toyota,GT86,2014,13000,https://www.freepnglogos.com/uploads/fortuner-png/toyota-fortuner-wikipedia-bahasa-indonesia-ensiklopedia-21.png
458,19420,Toyota,GT86,2017,17250,https://www.freepnglogos.com/uploads/fortuner-png/toyota-fortuner-wikipedia-bahasa-indonesia-ensiklopedia-21.png
459,489,Toyota,GT86,2019,27950,https://www.freepnglogos.com/uploads/fortuner-png/toyota-fortuner-wikipedia-bahasa-indonesia-ensiklopedia-21.png
460,1055,Toyota,GT86,2020,27995,https://www.freepnglogos.com/uploads/fortuner-png/toyota-fortuner-wikipedia-bahasa-indonesia-ensiklopedia-21.png
461,19987,Toyota,GT86,2016,13999,https://www.freepnglogos.com/uploads/fortuner-png/toyota-fortuner-wikipedia-bahasa-indonesia-ensiklopedia-21.png
462,74599,Toyota,GT86,2012,9995,https://www.freepnglogos.com/uploads/fortuner-png/toyota-fortuner-wikipedia-bahasa-indonesia-ensiklopedia-21.png
463,81206,Toyota,GT86,2015,10499,https://www.freepnglogos.com/uploads/fortuner-png/toyota-fortuner-wikipedia-bahasa-indonesia-ensiklopedia-21.png
464,53000,Toyota,GT86,2012,11995,https://www.freepnglogos.com/uploads/fortuner-png/toyota-fortuner-wikipedia-bahasa-indonesia-ensiklopedia-21.png
465,49000,Toyota,GT86,2015,13495,https://www.freepnglogos.com/uploads/fortuner-png/toyota-fortuner-wikipedia-bahasa-indonesia-ensiklopedia-21.png
466,4000,Toyota,GT86,2019,24990,https://www.freepnglogos.com/uploads/fortuner-png/toyota-fortuner-wikipedia-bahasa-indonesia-ensiklopedia-21.png
467,6725,Toyota,GT86,2017,19500,https://www.freepnglogos.com/uploads/fortuner-png/toyota-fortuner-wikipedia-bahasa-indonesia-ensiklopedia-21.png
468,650,Toyota,GT86,2020,28000,https://www.freepnglogos.com/uploads/fortuner-png/toyota-fortuner-wikipedia-bahasa-indonesia-ensiklopedia-21.png
469,8006,Toyota,Corolla,2019,22500,https://www.freepnglogos.com/uploads/fortuner-png/toyota-fortuner-wikipedia-bahasa-indonesia-ensiklopedia-21.png
470,129000,Toyota,Corolla,2005,1300,https://www.freepnglogos.com/uploads/fortuner-png/toyota-fortuner-wikipedia-bahasa-indonesia-ensiklopedia-21.png
471,7445,Toyota,Corolla,2019,20250,https://www.freepnglogos.com/uploads/fortuner-png/toyota-fortuner-wikipedia-bahasa-indonesia-ensiklopedia-21.png
472,5000,Toyota,Corolla,2020,26980,https://www.freepnglogos.com/uploads/fortuner-png/toyota-fortuner-wikipedia-bahasa-indonesia-ensiklopedia-21.png
473,8789,Toyota,Corolla,2019,21995,https://www.freepnglogos.com/uploads/fortuner-png/toyota-fortuner-wikipedia-bahasa-indonesia-ensiklopedia-21.png
474,2193,Toyota,Corolla,2019,18995,https://www.freepnglogos.com/uploads/fortuner-png/toyota-fortuner-wikipedia-bahasa-indonesia-ensiklopedia-21.png
475,55670,Honda,Civic,2002,7500,https://www.freepnglogos.com/uploads/honda-car-png/honda-car-honda-civic-very-good-car-honda-civic-10.png